{
    "predict_accuracy": 0.7537072856221793,
    "predict_f1": 0.687433628318584,
    "predict_loss": 1.5576852560043335,
    "predict_precision": 0.678072625698324,
    "predict_recall": 0.697056712132089,
    "predict_runtime": 1.851,
    "predict_samples_per_second": 54.023,
    "predict_steps_per_second": 7.023
}